SKU,Item name,Shop Section,Price,Materials Cost,Time to make,Date listed,Listing Title,Listing Link
3DprintCustom,Comissioned design,3DPrinting,,,,,,
HellrsrCube,Hellraiser lament Cube,3DPrinting,$40.00,,,06/11/21,HellRaiser (1987) Lament and Leviathan,
HellrsrLevi,Hellraiser Leviathan w/stand,3DPrinting,$20.00,,,06/11/21,HellRaiser (1987) Lament and Leviathan,
GooniesSet,Copper Bones & Doubloon,3DPrinting,$20.00,,,03/28/19,Goonies Cosplay Props,
GooniesKey,Copper Bones only,3DPrinting,$12.00,,,03/28/19,Goonies Cosplay Props,
GooniesDbln,Doubloon Only,3DPrinting,$10.00,,,03/28/19,Goonies Cosplay Props,
CRLNSET,Coraline Stone & Key set,3DPrinting,$18.00,,,12/12/19,Coraline Seeing Stone and Button Key,
CRLNStone,Coraline Seeing Stone,3DPrinting,$12.00,,,12/12/19,Coraline Seeing Stone and Button Key,
CRLNKey,Coraline Button Key,3DPrinting,$8.50,,,12/12/19,Coraline Seeing Stone and Button Key,
CRLNTinySet,Tiny stone & Key set,3DPrinting,$15.00,,,12/12/19,Coraline Seeing Stone and Button Key,
DrgnSlyrAm,Dragonslayer Amulet,3DPrinting,$25.00,,,10/10/21,Dragonslayer Amulet,
SupesSm,Superman Sm Fortress,3DPrinting,$12.50,,,12/13/19,Bastion of Ice-olation,
SupesTealt,Superman Md fortress,3DPrinting,$25.00,,,12/13/19,Bastion of Ice-olation,
SupesLg2part,Superman lg fortress,3DPrinting,$75.00,,,12/13/19,Bastion of Ice-olation,
LgNCTOtab,Large Encanto Tablet,3DPrinting,$45.00,,,02/12/22,"Encanto Prophecy Tablet (Large, Fragmented, Glow in the Dark)",
SmNCTOtab,Mini Encanto Tablet,3DPrinting,$11.00,,,06/16/23,Encanto Prophecy Tablet (Mini whole version),
NCTOCandle,Encanto 2-pt candle,3DPrinting,$35.00,,,03/19/22,Twinkling Encanto LED Candle,
BisonWstl,AtLA Bison Whistle,3DPrinting,$14.00,,,07/09/21,Air Nomad Silent Bison Whistle,
NESphinxLgOrg,Lg orange Sphinx Pair,3DPrinting,$60.00,,,11/08/18,3d printed Guardian Sphinx,
NESphinxLgBlu,Lg Southern Oracle blue,3DPrinting,$60.00,,,11/08/18,3d printed Guardian Sphinx,
NESphinxSmOrg,Sm orange sphinx pair,3DPrinting,$40.00,,,11/08/18,3d printed Guardian Sphinx,
NESphinxSmBlu,Sm Southern oracle blue,3DPrinting,$40.00,,,11/08/18,3d printed Guardian Sphinx,
Supr8Cube,Cubical Alien part,3DPrinting,$18.00,,,08/02/20,Super 8 Alien Component,
Supr8Star,Stellatted Alien part,3DPrinting,$18.00,,,08/02/20,Super 8 Alien Component,
HellKeySm,Key to Hell (sm black),3DPrinting,$8.00,,,03/26/20,Sandman - Key to Hell,
HellKeyLgBlk,Key to Hell (lg black),3DPrinting,$12.00,,,03/26/20,Sandman - Key to Hell,
HellKeyLgNeut,Key to Hell (unpainted),3DPrinting,$10.00,,,03/26/20,Sandman - Key to Hell,
DkCryLgPurp,Lg Dark Shard,3DPrinting,$10.00,,,09/27/19,Dark Crystal Shard,
DkCryLgWht,Lg Truth Shard,3DPrinting,$10.00,,,09/27/19,Dark Crystal Shard,
DkCrySmPurp,Sm Dark shard,3DPrinting,$8.00,,,09/27/19,Dark Crystal Shard,
DkCrySmWht,Sm Crystal of Truth shard,3DPrinting,$8.00,,,09/27/19,Dark Crystal Shard,
DrmStnLite,Lightup Materiopticon Ruby,3DPrinting,$35.00,,,09/09/21,Sandman Light-up Dreamstone Ruby,
DrmStnReg,Non-lighted ruby,3DPrinting,$30.00,,,09/09/21,Sandman Light-up Dreamstone Ruby,
AFSTL,AF battle pack stand files,Action Fleet,$3.00,N/A,,03/30/24,Action Fleet Battle Pack stands and accessories 3D Printable files,
AFbaseSTL,AF display stand files,Action Fleet,$3.00,N/A,,02/04/24,Action Fleet Replacement stand 3D Printable files,
AFSlv1Blk,AF Slave 1 stand black,Action Fleet,$2.50,,,06/10/23,B-Wing & Slave-1 Flight Stand (for 1996 Micro Machines Star Wars Action Fleet versions),
AFSlv1Clr,AF Slave 1 stand clear,Action Fleet,$2.50,,,06/10/23,B-Wing & Slave-1 Flight Stand (for 1996 Micro Machines Star Wars Action Fleet versions),
AFBwngBlk,AF Bwing stand black,Action Fleet,$2.50,,,06/10/23,B-Wing & Slave-1 Flight Stand (for 1996 Micro Machines Star Wars Action Fleet versions),
AFBwngClr,AF Bwing stand clear,Action Fleet,$2.50,,,06/10/23,B-Wing & Slave-1 Flight Stand (for 1996 Micro Machines Star Wars Action Fleet versions),
AFLaddrNCrate,AF Ladder & Crate set,Action Fleet,$2.50,,,04/12/24,Action Fleet accessories,
AFstandV2,AF display stand upgrade,Action Fleet,$4.50,,,02/03/24,3D printed Star Wars Micro Machines Action Fleet replacement stand,
AFstandSet,AF display stand pack (5),Action Fleet,$20.00,,,02/03/24,3D printed Star Wars Micro Machines Action Fleet replacement stand,
AFBP3mm,AF Battlepack stand 3mm peg,Action Fleet,$2.00,,,02/24/24,"3D Printed Star Wars Action Fleet replacement ""Battle Pack"" Stands",
AFBP2pt7mm,AF Battlepack stand 2.7mm peg,Action Fleet,$2.00,,,02/24/24,"3D Printed Star Wars Action Fleet replacement ""Battle Pack"" Stands",
BofferWeapon,Boffer item,Boffer,,,,,,
LamentSTL,Hellraiser Box File,Digital STLs,$5.00,N/A,,12/02/19,Hellraiser (1987) Puzzle box 3D printable STL file,
NESphinxSTL,Neverending Sphinx File,Digital STLs,$8.00,N/A,,12/02/19,Neverending Story Sphinx 3D printable STL file,
JZWMGSStandSTL,Custom MGS stand files,Digital STLs,$3.00,N/A,,,,
MGSJediStandSTL,MGS Jedi Ships stand files,Digital STLs,$3.00,N/A,,04/05/23,Jedi ship 3D Printable Flight Stand files for Micro Galaxy Squadron,
MGSmandoSTL,MGS Mandalorian stand files,Digital STLs,$3.00,N/A,,06/30/23,Mandalorian Ships 3D Printable Flight Stand files for Micro Galaxy Squadron,
MGSfigSTL,MGS Ladder/Crate/fig base files,Digital STLs,$3.00,N/A,,05/11/24,Figure Accessories 3D Printable files (for Star Wars Micro Galaxy Squadron),
MGSHeavyImpSTL,MGS Lambda &AtAt files,Digital STLs,$3.00,N/A,,08/13/23,Imperial Transports 3D Printable Stand files for Micro Galaxy Squadron,
MGSV1StandSTL,MGS V1 stand files,Digital STLs,$2.00,N/A,,03/18/23,Version 1 collection 3D Printable Flight Stand files (for Micro Galaxy Squadron),
MGSTIE&InqSTL,MGS Tie & Inq stand files,Digital STLs,$2.50,N/A,,05/05/23,Sith Collection 3D Printable Flight Stand files for Micro Galaxy Squadron,
MGSalphaSTL,MGS Alphabet ships files,Digital STLs,$3.00,N/A,,01/26/24,Alphabet Starfighter 3D Printable Flight Stand files (for Micro Galaxy Squadron),
MGSHvyCloneSTL,MGS LAAT & marauder files,Digital STLs,$2.50,N/A,,01/26/24,Heavy Clone Vehicles 3D Printable Flight Stand files (for Micro Galaxy Squadron),
MGSFastJunkSTL,MGS Falcon & speedr files,Digital STLs,$2.50,N/A,,06/02/23,Fast Hunks 'o Junk 3D Printable Flight Stand files (for Micro Galaxy Squadron),
MGSsepartistSTL,MGS Separtist ships files,Digital STLs,$3.00,N/A,,09/15/23,Separtist ships 3D Printable Flight Stand files (for Micro Galaxy Squadron),
HOCustom,Custom Hood ornament,HoodOrnaments,$25.00,,,,,
HOSith,Sith Emblem,HoodOrnaments,$20.00,,,03/19/20,"Star Wars ""Universal"" Hood Ornaments",
HOMando,Mando Helm,HoodOrnaments,$25.00,,,03/19/24,"Star Wars ""Universal"" Hood Ornaments",
HOMudHorn,Mudhorn Skull,HoodOrnaments,$25.00,,,03/19/24,"Star Wars ""Universal"" Hood Ornaments",
HOMythSr,Mythosaur Skull,HoodOrnaments,$25.00,,,03/19/24,"Star Wars ""Universal"" Hood Ornaments",
HOFlameSkull,Flaming Skull,HoodOrnaments,$25.00,,,01/12/18,"Flaming Skull ""Universal"" Hood Ornament",
HORktr,Rocketeer,HoodOrnaments,$20.00,,,08/05/23,"Rocketeer Helmet ""Universal"" Hood Ornament",
GBHoodOrn,Ghostly Ecto,HoodOrnaments,$25.00,,,04/10/18,"Paranormal ""Universal"" Hood Ornaments",
SPNHoodOrn,Supernatural Devil's Trap,HoodOrnaments,$20.00,,,04/15/23,"Paranormal ""Universal"" Hood Ornaments",
HOAutobot,Autobot Emblem,HoodOrnaments,$20.00,,,02/18/21,"Transformers ""Universal"" Hood Ornament",
HODecep,Decepticon Emblem,HoodOrnaments,$20.00,,,02/18/21,"Transformers ""Universal"" Hood Ornament",
HOWrecker,Wrecker Emblem,HoodOrnaments,$20.00,,,08/15/23,"Transformers ""Universal"" Hood Ornament",
HOBluShell,MarioKart Blue Shell,HoodOrnaments,$25.00,,,07/09/21,"Video Game ""Universal"" Hood Ornament",
HOHyrule,Hylian Crest,HoodOrnaments,$25.00,,,07/09/21,"Video Game ""Universal"" Hood Ornament",
HOKoRL,WW King of Red Lions,HoodOrnaments,$25.00,,,07/09/21,"Video Game ""Universal"" Hood Ornament",
MonkeeMag,Monkees Logo,Magnets,$8.50,,,02/08/19,Monkees Guitar Logo magnet,
ConanMag,Snakes of Set,Magnets,$6.00,,,02/21/19,Snakes of Set 3D printed Magnet,
Sku's,Clean & Dirty Magnet,Magnets,$9.00,,,07/03/17,3D printed Magnetic Clean/Dirty indicator,
TFRotBmag,Transformers Rise of the Beasts,Magnets,$8.00,,,exp,Transformers Rise of the Beasts Magnets,
MGSCustom,Custom MGS stand,MGS,,,,,,
MGSEndrATAT,MGS Endor AT-AT base,MGS,$4.00,,,11/02/23,Endor AT-AT Battle 3D Printed Diorama stand (for Micro Galaxy Squadron),
MGSBntaClr,MGS Boonta Podracer stand (clear),MGS,$2.50,,,11/30/23,Boonta Eve Podracer 3D Printed Stand (for Star Wars Micro Galaxy Squadron),
MGSBntaBlk,MGS Boonta Podracer stand (black),MGS,$2.50,,,11/30/23,Boonta Eve Podracer 3D Printed Stand (for Star Wars Micro Galaxy Squadron),
MGSFettstdClr,MGS Fett Firespray stand (clear),MGS,$3.50,,,03/19/23,Mandalorian collection 3D Printed Flight Stands (for Micro Galaxy Squadron),
MGSGntltBlk,MGS Gauntlet stand (black),MGS,$3.00,,,03/19/23,Mandalorian collection 3D Printed Flight Stands (for Micro Galaxy Squadron),
MGSGntltClr,MGS Gauntlet stand (clear),MGS,$3.00,,,03/19/23,Mandalorian collection 3D Printed Flight Stands (for Micro Galaxy Squadron),
MGSFettstdBlk,MGS Fett Firespray stand (black),MGS,$3.50,,,03/19/23,Mandalorian collection 3D Printed Flight Stands (for Micro Galaxy Squadron),
MGSFlcnStdBlk,MGS Millennium Falcon stand (black),MGS,$4.00,,,06/18/23,Millennium Falcon 3D printed Flight Stand (For Micro Galaxy Squadron),
MGSFlcnStdClr,MGS Millennium Falcon stand (clear),MGS,$4.00,,,06/18/23,Millennium Falcon 3D printed Flight Stand (For Micro Galaxy Squadron),
MGSShuttleRamp,MGS Lambda Ramp Extension,MGS,$4.00,,,08/13/23,Lambda Shuttle 3D printed stands (For Micro Galaxy Squadron),
MGSShtlTallBlk,MGS Lambda Flight stand (black),MGS,$4.00,,,08/13/23,Lambda Shuttle 3D printed stands (For Micro Galaxy Squadron),
MGSShtlTallClr,MGS Lambda Flight stand (clear),MGS,$4.00,,,08/13/23,Lambda Shuttle 3D printed stands (For Micro Galaxy Squadron),
MGSTieIntClr,MGS TIE interceptor stand (clear),MGS,$3.00,,,10/28/23,TIE series 3D Printed Flight Stand (for Micro Galaxy Squadron),
MGSTieIntBlk,MGS TIE interceptor stand (black),MGS,$3.00,,,10/28/23,TIE series 3D Printed Flight Stand (for Micro Galaxy Squadron),
MGSTieFtrClr,MGS TIE fighter stand (clear),MGS,$3.00,,,10/28/23,TIE series 3D Printed Flight Stand (for Micro Galaxy Squadron),
MGSTieFtrBlk,MGS TIE fighter stand (black),MGS,$3.00,,,10/28/23,TIE series 3D Printed Flight Stand (for Micro Galaxy Squadron),
MGSXwngStdBlk,MGS X-wing stand (black),MGS,$3.50,,,01/26/24,X-wing StarFighter 3D printed Flight Stand (For Micro Galaxy Squadron),
MGSXwingStdClr,MGS X-wing stand (clear),MGS,$3.50,,,01/26/24,X-wing StarFighter 3D printed Flight Stand (For Micro Galaxy Squadron),
MGSLaatV2Clr,MGS LAAT stand (clear),MGS,$4.00,,,05/28/23,Clone Wars 3D printed Flight Stands (For Micro Galaxy Squadron),
MGSLaatV2Blk,MGS LAAT stand (black),MGS,$4.00,,,05/28/23,Clone Wars 3D printed Flight Stands (For Micro Galaxy Squadron),
MGSVwingClr,MGS V-wing stand (clear),MGS,$3.50,,,05/28/23,Clone Wars 3D printed Flight Stands (For Micro Galaxy Squadron),
MGSVwingBlk,MGS V-wing stand (black),MGS,$3.50,,,05/28/23,Clone Wars 3D printed Flight Stands (For Micro Galaxy Squadron),
MGSMarauderV2Blk,MGS BB Marauder (black),MGS,$4.00,,,01/05/24,Bad Batch Marauder Flight Stand (for Micro Galaxy Squadron),
MGSMarauderV2Clr,MGS BB Marauder (clear),MGS,$4.00,,,01/05/24,Bad Batch Marauder Flight Stand (for Micro Galaxy Squadron),
MGSAwingBlk,MGS A-wing/Snowspeeder stand (clear),MGS,$3.50,,,01/22/24,A-wing & Snowspeeder 3D Printed Flight Stand (for Micro Galaxy Squadron),
MGSAwingClr,MGS A-wing/Snowspeeder stand (black),MGS,$3.50,,,01/22/24,A-wing & Snowspeeder 3D Printed Flight Stand (for Micro Galaxy Squadron),
MGSJediIntBlk,MGS Jedi Interceptor stand (black),MGS,$3.50,,,03/29/23,Jedi ships 3D Printed Flight Stand (for Micro Galaxy Squadron),
MGSJediIntClr,MGS Jedi Interceptor stand (clear),MGS,$3.50,,,03/29/23,Jedi ships 3D Printed Flight Stand (for Micro Galaxy Squadron),
MGSJediFtrClr,MGS Jedi Fighter stands set (clear),MGS,$3.50,,,03/29/23,Jedi ships 3D Printed Flight Stand (for Micro Galaxy Squadron),
MGSJediFtrBlk,MGS Jedi Fighter stands set (black),MGS,$3.50,,,03/29/23,Jedi ships 3D Printed Flight Stand (for Micro Galaxy Squadron),
MGSYwngBlk,MGS Y-wing stand (black),MGS,$3.50,,,06/30/23,B-wing & Y-wing StarFighter 3D printed Flight Stands (For Micro Galaxy Squadron),
MGSYwngClr,MGS Y-wing stand (clear),MGS,$3.50,,,06/30/23,B-wing & Y-wing StarFighter 3D printed Flight Stands (For Micro Galaxy Squadron),
MGSBwingBlk,MGS B-wing stand (black),MGS,$3.50,,,06/30/23,B-wing & Y-wing StarFighter 3D printed Flight Stands (For Micro Galaxy Squadron),
MGSBwingClr,MGS B-wing stand (clear),MGS,$3.50,,,06/30/23,B-wing & Y-wing StarFighter 3D printed Flight Stands (For Micro Galaxy Squadron),
MGSGrvsBlk,MGS Grievous stand (black),MGS,$3.50,,,01/06/24,Clone Wars Command fighters 3D Printed Flight Stand (for Micro Galaxy Squadron),
MGSGrvsClr,MGS Grievous stand (clear),MGS,$3.50,,,01/06/24,Clone Wars Command fighters 3D Printed Flight Stand (for Micro Galaxy Squadron),
MGSYodaBlk,MGS Yoda stand (black),MGS,$3.50,,,01/06/24,Clone Wars Command fighters 3D Printed Flight Stand (for Micro Galaxy Squadron),
MGSYodaClr,MGS Yoda stand (clear),MGS,$3.50,,,01/06/24,Clone Wars Command fighters 3D Printed Flight Stand (for Micro Galaxy Squadron),
MGSNabooN1Blk,MGS Naboo N1 stand (black),MGS,$3.50,,,04/19/24,U-Wing & Naboo N1 3D Printed Flight Stands (for Micro Galaxy Squadron),
MGSNabooN1Clr,MGS Naboo N1 stand (clear),MGS,$3.50,,,04/19/24,U-Wing & Naboo N1 3D Printed Flight Stands (for Micro Galaxy Squadron),
MGSUwingBlk,MGS U-wing stand (black),MGS,$4.00,,,04/19/24,U-Wing & Naboo N1 3D Printed Flight Stands (for Micro Galaxy Squadron),
MGSUwingClr,MGS U-wing stand (clear),MGS,$4.00,,,04/19/24,U-Wing & Naboo N1 3D Printed Flight Stands (for Micro Galaxy Squadron),
MGSRzrCrstBlk,MGS Razorcrest stand (black),MGS,$3.00,,,01/14/24,Grogu's Transports 3D Printed Flight Stand (for Micro Galaxy Squadron),
MGSRzrCrstClr,MGS Razorcrest stand (clear),MGS,$3.00,,,01/14/24,Grogu's Transports 3D Printed Flight Stand (for Micro Galaxy Squadron),
MGSMandoN1Blk,MGS Mando N1 stand (black),MGS,$3.50,,,01/14/24,Grogu's Transports 3D Printed Flight Stand (for Micro Galaxy Squadron),
MGSMandoN1Clr,MGS Mando N1 stand (clear),MGS,$3.50,,,01/14/24,Grogu's Transports 3D Printed Flight Stand (for Micro Galaxy Squadron),
MGSspdrBlk,MGS scout stand 3-pack (black),MGS,$4.00,,,08/04/23,Hoth Battle 3D Printed Flight stands (for Micro Galaxy Squadron),
MGSspdrClr,MGS scout stand 3-pack (clear),MGS,$4.00,,,08/04/23,Hoth Battle 3D Printed Flight stands (for Micro Galaxy Squadron),
MGSHothATAT,MGS Hoth AT-AT base,MGS,$4.00,,,08/04/23,Hoth Battle 3D Printed Flight stands (for Micro Galaxy Squadron),
MGSSnowSpdr,MGS Snowspeeder edge stand,MGS,$2.00,,,08/04/23,Hoth Battle 3D Printed Flight stands (for Micro Galaxy Squadron),
MGSVultStdBlk,MGS Vulture Droid stand (clear),MGS,$3.50,,,09/14/23,Vulture Droid 3D printed Flight Stands (For Micro Galaxy Squadron),
MGSVultStdClr,MGS Vulture Droid stand (black),MGS,$3.50,,,09/14/23,Vulture Droid 3D printed Flight Stands (For Micro Galaxy Squadron),
MGSVultLegsTan,MGS Vulture Legs-To-Wings stand (gray),MGS,$2.50,,,09/14/23,Vulture Droid 3D printed Flight Stands (For Micro Galaxy Squadron),
MGSVultLegsGray,MGS Vulture Legs-To-Wings stand (tan),MGS,$2.50,,,09/14/23,Vulture Droid 3D printed Flight Stands (For Micro Galaxy Squadron),
MGSVultHdTan,MGS Vulture droid dummy head (tan),MGS,$2.00,,,09/14/23,Vulture Droid 3D printed Flight Stands (For Micro Galaxy Squadron),
MGSVultHdGray,MGS Vulture droid dummy head (gray),MGS,$2.00,,,09/14/23,Vulture Droid 3D printed Flight Stands (For Micro Galaxy Squadron),
MGSHangarSet,MGS Ladder & Crates set,MGS,$3.00,,,04/27/24,MGS Figure Accessories,
MGSCapeClr,MGS cape stand (clear),MGS,$0.75,,,04/27/24,MGS Figure Accessories,
MGSCapeBlk,MGS cape stand (cblack),MGS,$0.75,,,04/27/24,MGS Figure Accessories,
MGSFigBaseClr,MGS Figure base set (clear),MGS,$3.00,,,04/27/24,MGS Figure Accessories,
MGSFigBaseBlk,MGS Figure base set (black),MGS,$3.00,,,04/27/24,MGS Figure Accessories,
MGSGnvxClr,MGS Ginivex stand (clear),MGS,$3.00,,,04/23/23,Sith collection 3D Printed Flight Stand (for Micro Galaxy Squadron),
MGSGnvxBlk,MGS Ginivex stand (black),MGS,$3.00,,,04/23/23,Sith collection 3D Printed Flight Stand (for Micro Galaxy Squadron),
MGSScytheBlk,MGS Inquisitor Scythe stand (black),MGS,$3.00,,,04/23/23,Sith collection 3D Printed Flight Stand (for Micro Galaxy Squadron),
MGSScytheClr,MGS Inquisitor Scythe stand (clear),MGS,$3.00,,,04/23/23,Sith collection 3D Printed Flight Stand (for Micro Galaxy Squadron),
OrigamiCustom,custom origami,Origami,,,,,,
OrigamiCat,Origami Black Cat,Origami,$4.00,,,exp,Origami Black Cat,
OrigamiPigLg,Large Origami Flying Pig,Origami,$4.50,,,,,
OrigamiPigSm,Small Origami Flying Pig,Origami,$4.00,,,,,
OrigamiGrfLg,Origami Giraffe (2 in),Origami,$6.50,,,04/08/19,Origami Giraffe,
OrigamiGrfSm,Origami Giraffe (1 in),Origami,$5.00,,,04/08/19,Origami Giraffe,
OrigamiTurk,Origami Turkey,Origami,$7.50,,,exp,,
OrigamiDrg,Origami Dragon,Origami,$5.00,,,05/06/13,Mythological Origami,
OrigamiPeg,Origami Pegasus,Origami,$5.00,,,05/06/13,Mythological Origami,
OrigamiGry,Origami Gryphon,Origami,$5.00,,,05/06/13,Mythological Origami,
OrigamiFairy,Origami Fairy,Origami,$5.00,,,05/06/13,Mythological Origami,
OrigamiUni,Origami Unicorn,Origami,$5.00,,,05/06/13,Mythological Origami,
OrigamiRvnLg,Origami Raven (5 in),Origami,$5.00,,,exp,,
OrigamiRvnSm,Origami Raven (3 in),Origami,$7.00,,,exp,,
OrigamiWolf,Origami Arctic Wolf,Origami,$6.50,,,01/28/21,Origami Arctic Wolf,
OrigamiWolfPk,Origami Arctic Wolf Pack (5),Origami,$25.00,,,01/28/21,Origami Arctic Wolf,
OrigamiBatLg,Origami Bat (7 in),Origami,$9.00,,,exp,,
OrigamiBatMd,Origami Bat (5 in),Origami,$7.50,,,exp,,
OrigamiBatSm,Origami Bat (3 in),Origami,$6.00,,,exp,,
WoodCustom,"Folding Star, older wood items &dad's stuff",Woodworking,,,,,,
TowerCustom,Custom word tower,WordTowers,,,,,,
3CharTower,3-letter Word Tower,WordTowers,$12.00,,,12/09/12,3-Character Word Tower,
4CharTower,4-letter Word Tower,WordTowers,$20.00,,,06/18/13,4-Character Word Tower,
5CharTower,5-letter Word Tower,WordTowers,$30.00,,,01/20/09,5-Character Word Tower,
TripGoddess,Tripple Goddess Word Tower,WordTowers,$45.00,,,04/10/18,Triple Goddess Word Tower,
,,,,,,,,
,,,,,,,,
,,,,,,,,
,,,,,,,,
,,,,,,,,
,,,,,,,,
,,,,,, ,,
,,,,,,,,
 , ,,,,,,,
